{
  "Link Color" : {
    "Red Component" : 0.14513972401618958,
    "Color Space" : "P3",
    "Blue Component" : 0.7093239426612854,
    "Alpha Component" : 1,
    "Green Component" : 0.35333043336868286
  },
  "Tags" : [

  ],
  "Ansi 12 Color" : {
    "Green Component" : 0.57647058823529407,
    "Blue Component" : 0.97647058823529409,
    "Red Component" : 0.74117647058823533
  },
  "Ansi 7 Color" : {
    "Green Component" : 0.73333334922790527,
    "Blue Component" : 0.73333334922790527,
    "Red Component" : 0.73333334922790527
  },
  "Draw Powerline Glyphs" : true,
  "Bold Color" : {
    "Green Component" : 0.90237069129943848,
    "Blue Component" : 0.90237069129943848,
    "Red Component" : 0.90237069129943848
  },
  "Ansi 8 Color" : {
    "Green Component" : 0.33333333333333331,
    "Blue Component" : 0.33333333333333331,
    "Red Component" : 0.33333333333333331
  },
  "Ansi 9 Color" : {
    "Green Component" : 0.33333333333333331,
    "Blue Component" : 0.33333333333333331,
    "Red Component" : 1
  },
  "Ansi 1 Color" : {
    "Green Component" : 0.3333333432674408,
    "Blue Component" : 0.3333333432674408,
    "Red Component" : 1
  },
  "Rows" : 25,
  "Default Bookmark" : "No",
  "Horizontal Spacing" : 1,
  "Cursor Guide Color" : {
    "Red Component" : 0.74862593412399292,
    "Color Space" : "P3",
    "Blue Component" : 0.99125725030899048,
    "Alpha Component" : 0.25,
    "Green Component" : 0.92047786712646484
  },
  "Non-ASCII Anti Aliased" : true,
  "Use Bright Bold" : true,
  "Ansi 10 Color" : {
    "Green Component" : 0.98039215686274506,
    "Blue Component" : 0.4823529411764706,
    "Red Component" : 0.31372549019607843
  },
  "Ambiguous Double Width" : false,
  "Jobs to Ignore" : [
    "rlogin",
    "ssh",
    "slogin",
    "telnet"
  ],
  "Ansi 15 Color" : {
    "Green Component" : 1,
    "Blue Component" : 1,
    "Red Component" : 1
  },
  "Foreground Color" : {
    "Green Component" : 0.90032327175140381,
    "Blue Component" : 0.90032327175140381,
    "Red Component" : 0.90032327175140381
  },
  "Working Directory" : "\/Users\/gio",
  "Blinking Cursor" : false,
  "Disable Window Resizing" : false,
  "Sync Title" : false,
  "Prompt Before Closing 2" : false,
  "BM Growl" : true,
  "Mouse Reporting" : true,
  "Command" : "",
  "Description" : "Default",
  "Screen" : -1,
  "Selection Color" : {
    "Green Component" : 0.27843138575553894,
    "Blue Component" : 0.35294118523597717,
    "Red Component" : 0.26666668057441711
  },
  "Only The Default BG Color Uses Transparency" : true,
  "Columns" : 80,
  "Idle Code" : 0,
  "Background Image Mode" : 3,
  "Ansi 13 Color" : {
    "Green Component" : 0.47450980392156861,
    "Blue Component" : 0.77647058823529413,
    "Red Component" : 1
  },
  "Custom Command" : "No",
  "ASCII Anti Aliased" : true,
  "Non Ascii Font" : "JetBrainsMonoNFM-Regular 16",
  "Vertical Spacing" : 1,
  "Use Bold Font" : true,
  "Option Key Sends" : 2,
  "Selected Text Color" : {
    "Green Component" : 1,
    "Blue Component" : 1,
    "Red Component" : 1
  },
  "Background Color" : {
    "Red Component" : 0.10980392156862745,
    "Color Space" : "P3",
    "Blue Component" : 0.16470588235294117,
    "Alpha Component" : 1,
    "Green Component" : 0.13333333333333333
  },
  "Character Encoding" : 4,
  "Ansi 11 Color" : {
    "Green Component" : 0.98039215686274506,
    "Blue Component" : 0.5490196078431373,
    "Red Component" : 0.94509803921568625
  },
  "Non-ASCII Ligatures" : false,
  "Use Italic Font" : true,
  "Unlimited Scrollback" : false,
  "Keyboard Map" : {
    "0xf702-0x300000" : {
      "Text" : "0x1",
      "Action" : 11
    },
    "0x39-0x200000" : {
      "Text" : "9",
      "Action" : 12
    },
    "0xf703-0x300000" : {
      "Text" : "0x5",
      "Action" : 11
    },
    "0xf702-0x280000" : {
      "Text" : "b",
      "Action" : 10
    },
    "0xf703-0x280000" : {
      "Text" : "f",
      "Action" : 10
    },
    "0x38-0x200000" : {
      "Text" : "8",
      "Action" : 12
    },
    "0x2d-0x200000" : {
      "Text" : "-",
      "Action" : 12
    },
    "0x3-0x200000" : {
      "Text" : "0xd",
      "Action" : 11
    },
    "0x37-0x200000" : {
      "Text" : "7",
      "Action" : 12
    },
    "0xf728-0x0" : {
      "Text" : "0x4",
      "Action" : 11
    },
    "0x32-0x200000" : {
      "Text" : "2",
      "Action" : 12
    },
    "0x31-0x200000" : {
      "Text" : "1",
      "Action" : 12
    },
    "0x36-0x200000" : {
      "Text" : "6",
      "Action" : 12
    },
    "0xf739-0x0" : {
      "Text" : "",
      "Action" : 13
    },
    "0xf728-0x80000" : {
      "Text" : "d",
      "Action" : 10
    },
    "0x30-0x200000" : {
      "Text" : "0",
      "Action" : 12
    },
    "0x2b-0x200000" : {
      "Text" : "+",
      "Action" : 12
    },
    "0x35-0x200000" : {
      "Text" : "5",
      "Action" : 12
    },
    "0x34-0x200000" : {
      "Text" : "4",
      "Action" : 12
    },
    "0x2a-0x200000" : {
      "Text" : "*",
      "Action" : 12
    },
    "0x2f-0x200000" : {
      "Text" : "\/",
      "Action" : 12
    },
    "0x33-0x200000" : {
      "Text" : "3",
      "Action" : 12
    },
    "0x2e-0x200000" : {
      "Text" : ".",
      "Action" : 12
    },
    "0x7f-0x80000" : {
      "Text" : "0x1b 0x7f",
      "Action" : 11
    },
    "0x7f-0x100000" : {
      "Text" : "0x15",
      "Action" : 11
    }
  },
  "Window Type" : 0,
  "Blur Radius" : 10.325312730041318,
  "Blink Allowed" : false,
  "Blur" : true,
  "Badge Color" : {
    "Red Component" : 0.92929404973983765,
    "Color Space" : "P3",
    "Blue Component" : 0.13960540294647217,
    "Alpha Component" : 0.5,
    "Green Component" : 0.25479039549827576
  },
  "Scrollback Lines" : 1000,
  "Send Code When Idle" : false,
  "Close Sessions On End" : true,
  "Terminal Type" : "xterm-256color",
  "Visual Bell" : true,
  "Flashing Bell" : false,
  "Silence Bell" : false,
  "Unicode Normalization" : 0,
  "Ansi 14 Color" : {
    "Green Component" : 0.9137254901960784,
    "Blue Component" : 0.99215686274509807,
    "Red Component" : 0.54509803921568623
  },
  "Unicode Version" : 9,
  "ASCII Ligatures" : false,
  "Name" : "Default",
  "Cursor Text Color" : {
    "Green Component" : 1,
    "Blue Component" : 1,
    "Red Component" : 1
  },
  "Match Background Color" : {
    "Red Component" : 0.99697142839431763,
    "Color Space" : "P3",
    "Blue Component" : 0.32116127014160156,
    "Alpha Component" : 1,
    "Green Component" : 0.98600882291793823
  },
  "Shortcut" : "",
  "Cursor Color" : {
    "Green Component" : 0.73333334922790527,
    "Blue Component" : 0.73333334922790527,
    "Red Component" : 0.73333334922790527
  },
  "Ansi 0 Color" : {
    "Green Component" : 0,
    "Blue Component" : 0,
    "Red Component" : 0
  },
  "Transparency" : 0.20000000000000001,
  "Guid" : "07A23597-9A16-4BAC-A6AC-FB4F887209EF",
  "Ansi 3 Color" : {
    "Green Component" : 0.98039215686274506,
    "Blue Component" : 0.5490196078431373,
    "Red Component" : 0.94509803921568625
  },
  "Ansi 2 Color" : {
    "Green Component" : 0.98039215686274506,
    "Blue Component" : 0.4823529411764706,
    "Red Component" : 0.31372549019607843
  },
  "Right Option Key Sends" : 0,
  "Use Non-ASCII Font" : false,
  "Ansi 6 Color" : {
    "Green Component" : 0.9137254901960784,
    "Blue Component" : 0.99215686274509807,
    "Red Component" : 0.54509803921568623
  },
  "Normal Font" : "JetBrainsMonoNFM-Regular 18",
  "Custom Directory" : "No",
  "Ansi 4 Color" : {
    "Green Component" : 0.57647058823529407,
    "Blue Component" : 0.97647058823529409,
    "Red Component" : 0.74117647058823533
  },
  "Ansi 5 Color" : {
    "Green Component" : 0.47450980392156861,
    "Blue Component" : 0.77647058823529413,
    "Red Component" : 1
  }
}